{"stats":{"minecraft:picked_up":{"minecraft:stick":2,"minecraft:crafting_table":2,"minecraft:dandelion":1,"minecraft:oak_log":8,"minecraft:dirt":50,"minecraft:stone_pickaxe":1,"minecraft:cobblestone_slab":16,"minecraft:poppy":1,"minecraft:oak_sapling":4,"minecraft:cobblestone":129},"minecraft:used":{"minecraft:lava_bucket":1,"minecraft:stone_pickaxe":124,"minecraft:wooden_pickaxe":19,"minecraft:cobblestone_slab":176,"minecraft:dirt":38,"minecraft:cobblestone":2,"minecraft:crafting_table":3,"minecraft:oak_sapling":3,"minecraft:ice":1},"minecraft:crafted":{"minecraft:oak_planks":12,"minecraft:cobblestone_slab":198,"minecraft:crafting_table":1,"minecraft:stick":8,"minecraft:wooden_pickaxe":1,"minecraft:stone_pickaxe":3},"minecraft:custom":{"minecraft:time_since_rest":3640,"minecraft:sprint_one_cm":10221,"minecraft:damage_taken":245,"minecraft:walk_one_cm":38169,"minecraft:drop":7,"minecraft:damage_dealt":60,"minecraft:swim_one_cm":822,"minecraft:interact_with_crafting_table":8,"minecraft:fly_one_cm":26491,"minecraft:open_chest":19,"minecraft:crouch_one_cm":55969,"minecraft:play_time":27370,"minecraft:deaths":1,"minecraft:sneak_time":13320,"minecraft:walk_under_water_one_cm":4334,"minecraft:jump":209,"minecraft:leave_game":2,"minecraft:walk_on_water_one_cm":4401,"minecraft:time_since_death":3601,"minecraft:total_world_time":27370,"minecraft:fall_one_cm":2589},"minecraft:dropped":{"minecraft:cobblestone":4,"minecraft:stone_pickaxe":3,"minecraft:wooden_pickaxe":1},"minecraft:mined":{"minecraft:oak_sapling":2,"minecraft:ice":1,"minecraft:crafting_table":1,"minecraft:grass_block":21,"minecraft:oak_log":5,"minecraft:cobblestone_slab":13,"minecraft:dirt":33,"minecraft:cobblestone":126,"minecraft:oak_leaves":8}},"DataVersion":3465}