{"stats":{"minecraft:picked_up":{"minecraft:stick":2,"minecraft:crafting_table":2,"minecraft:dandelion":1,"minecraft:oak_log":3,"minecraft:dirt":50,"minecraft:stone_pickaxe":1,"minecraft:cobblestone_slab":12,"minecraft:poppy":1,"minecraft:oak_sapling":4,"minecraft:cobblestone":129},"minecraft:used":{"minecraft:lava_bucket":1,"minecraft:stone_pickaxe":120,"minecraft:wooden_pickaxe":19,"minecraft:cobblestone_slab":116,"minecraft:dirt":38,"minecraft:cobblestone":2,"minecraft:crafting_table":3,"minecraft:oak_sapling":3,"minecraft:ice":1},"minecraft:crafted":{"minecraft:oak_planks":12,"minecraft:cobblestone_slab":198,"minecraft:crafting_table":1,"minecraft:stick":8,"minecraft:wooden_pickaxe":1,"minecraft:stone_pickaxe":3},"minecraft:custom":{"minecraft:time_since_rest":23226,"minecraft:sprint_one_cm":4441,"minecraft:damage_taken":205,"minecraft:walk_one_cm":34189,"minecraft:drop":7,"minecraft:damage_dealt":60,"minecraft:swim_one_cm":822,"minecraft:interact_with_crafting_table":8,"minecraft:fly_one_cm":8364,"minecraft:open_chest":16,"minecraft:crouch_one_cm":51189,"minecraft:play_time":23226,"minecraft:sneak_time":12039,"minecraft:walk_under_water_one_cm":4334,"minecraft:jump":139,"minecraft:leave_game":2,"minecraft:walk_on_water_one_cm":4094,"minecraft:time_since_death":23226,"minecraft:total_world_time":23226,"minecraft:fall_one_cm":1428},"minecraft:dropped":{"minecraft:cobblestone":4,"minecraft:stone_pickaxe":3,"minecraft:wooden_pickaxe":1},"minecraft:mined":{"minecraft:oak_sapling":2,"minecraft:ice":1,"minecraft:crafting_table":1,"minecraft:grass_block":21,"minecraft:cobblestone_slab":9,"minecraft:dirt":33,"minecraft:cobblestone":126,"minecraft:oak_leaves":6}},"DataVersion":3465}