{"stats":{"minecraft:picked_up":{"minecraft:stick":2,"minecraft:crafting_table":1,"minecraft:dandelion":1,"minecraft:oak_log":3,"minecraft:dirt":47,"minecraft:stone_pickaxe":1,"minecraft:poppy":1,"minecraft:oak_sapling":2,"minecraft:cobblestone":28},"minecraft:used":{"minecraft:lava_bucket":1,"minecraft:stone_pickaxe":11,"minecraft:wooden_pickaxe":19,"minecraft:dirt":38,"minecraft:cobblestone":2,"minecraft:crafting_table":2,"minecraft:oak_sapling":1,"minecraft:ice":1},"minecraft:crafted":{"minecraft:oak_planks":12,"minecraft:crafting_table":1,"minecraft:stick":8,"minecraft:wooden_pickaxe":1,"minecraft:stone_pickaxe":3},"minecraft:custom":{"minecraft:time_since_rest":13764,"minecraft:sprint_one_cm":80,"minecraft:damage_taken":10,"minecraft:walk_one_cm":19914,"minecraft:drop":7,"minecraft:damage_dealt":60,"minecraft:interact_with_crafting_table":7,"minecraft:swim_one_cm":822,"minecraft:fly_one_cm":82,"minecraft:open_chest":12,"minecraft:crouch_one_cm":26800,"minecraft:play_time":13764,"minecraft:sneak_time":6649,"minecraft:walk_under_water_one_cm":4334,"minecraft:jump":53,"minecraft:time_since_death":13764,"minecraft:walk_on_water_one_cm":3837,"minecraft:total_world_time":13764,"minecraft:fall_one_cm":267},"minecraft:dropped":{"minecraft:cobblestone":4,"minecraft:stone_pickaxe":3,"minecraft:wooden_pickaxe":1},"minecraft:mined":{"minecraft:ice":1,"minecraft:grass_block":21,"minecraft:dirt":26,"minecraft:cobblestone":26,"minecraft:oak_leaves":6}},"DataVersion":3465}