{"stats":{"minecraft:picked_up":{"minecraft:oak_log":1,"minecraft:dirt":12},"minecraft:used":{"minecraft:crafting_table":1},"minecraft:crafted":{"minecraft:crafting_table":1,"minecraft:oak_planks":4},"minecraft:custom":{"minecraft:jump":3,"minecraft:open_chest":3,"minecraft:time_since_rest":1764,"minecraft:damage_dealt":10,"minecraft:crouch_one_cm":2099,"minecraft:play_time":1764,"minecraft:time_since_death":1764,"minecraft:walk_one_cm":3939,"minecraft:sneak_time":524,"minecraft:total_world_time":1764},"minecraft:mined":{"minecraft:grass_block":7,"minecraft:dirt":3}},"DataVersion":3465}