{"stats":{"minecraft:picked_up":{"minecraft:dirt":9,"minecraft:oak_log":2},"minecraft:used":{"minecraft:ice":1,"minecraft:lava_bucket":1},"minecraft:custom":{"minecraft:jump":7,"minecraft:open_chest":7,"minecraft:time_since_rest":4424,"minecraft:crouch_one_cm":3335,"minecraft:leave_game":3,"minecraft:play_time":4424,"minecraft:sprint_one_cm":295,"minecraft:damage_taken":10,"minecraft:time_since_death":4424,"minecraft:walk_one_cm":5603,"minecraft:sneak_time":741,"minecraft:total_world_time":4424,"minecraft:fall_one_cm":209,"minecraft:drop":1,"minecraft:fly_one_cm":41},"minecraft:mined":{"minecraft:oak_log":3,"minecraft:ice":1,"minecraft:dirt":8,"minecraft:grass_block":4},"minecraft:dropped":{"minecraft:water_bucket":1}},"DataVersion":3465}