{"stats":{"minecraft:used":{"minecraft:ice":1,"minecraft:lava_bucket":1},"minecraft:custom":{"minecraft:jump":3,"minecraft:open_chest":5,"minecraft:time_since_rest":2676,"minecraft:leave_game":1,"minecraft:crouch_one_cm":217,"minecraft:sprint_one_cm":180,"minecraft:play_time":2676,"minecraft:time_since_death":2676,"minecraft:walk_one_cm":2398,"minecraft:sneak_time":52,"minecraft:total_world_time":2676,"minecraft:drop":1,"minecraft:fall_one_cm":209},"minecraft:mined":{"minecraft:ice":1},"minecraft:dropped":{"minecraft:water_bucket":1}},"DataVersion":3465}