{"stats":{"minecraft:picked_up":{"minecraft:stick":1,"minecraft:wooden_pickaxe":1,"minecraft:oak_log":5,"minecraft:dirt":14,"minecraft:cobblestone_slab":2,"minecraft:oak_sapling":1,"minecraft:cobblestone":27,"minecraft:egg":1},"minecraft:used":{"minecraft:lava_bucket":1,"minecraft:stone_pickaxe":31,"minecraft:wooden_pickaxe":14,"minecraft:cobblestone_slab":8,"minecraft:dirt":14,"minecraft:cobblestone":11,"minecraft:oak_sapling":1,"minecraft:ice":1,"minecraft:egg":1},"minecraft:crafted":{"minecraft:oak_planks":4,"minecraft:cobblestone_slab":6,"minecraft:stick":4,"minecraft:stone_pickaxe":1},"minecraft:custom":{"minecraft:time_since_rest":20984,"minecraft:sprint_one_cm":4512,"minecraft:damage_taken":40,"minecraft:walk_one_cm":26050,"minecraft:drop":11,"minecraft:damage_dealt":25,"minecraft:interact_with_crafting_table":2,"minecraft:fly_one_cm":42750,"minecraft:open_chest":16,"minecraft:crouch_one_cm":16093,"minecraft:play_time":20984,"minecraft:sneak_time":4834,"minecraft:walk_under_water_one_cm":2169,"minecraft:jump":217,"minecraft:leave_game":4,"minecraft:time_since_death":20984,"minecraft:walk_on_water_one_cm":1551,"minecraft:total_world_time":20984,"minecraft:fall_one_cm":2626},"minecraft:mined":{"minecraft:ice":1,"minecraft:grass_block":4,"minecraft:oak_log":6,"minecraft:cobblestone_slab":3,"minecraft:dirt":17,"minecraft:cobblestone":40,"minecraft:oak_leaves":16},"minecraft:dropped":{"minecraft:water_bucket":1,"minecraft:oak_log":2,"minecraft:cobblestone":8}},"DataVersion":3465}