{"stats":{"minecraft:picked_up":{"minecraft:stone_pickaxe":2,"minecraft:cobblestone":12},"minecraft:used":{"minecraft:cobblestone":4,"minecraft:stone_pickaxe":16,"minecraft:cobblestone_slab":12},"minecraft:crafted":{"minecraft:cobblestone_slab":12},"minecraft:custom":{"minecraft:time_since_rest":5114,"minecraft:open_chest":2,"minecraft:crouch_one_cm":7248,"minecraft:sprint_one_cm":3510,"minecraft:play_time":6956,"minecraft:deaths":2,"minecraft:damage_taken":530,"minecraft:walk_one_cm":8316,"minecraft:sneak_time":3585,"minecraft:walk_under_water_one_cm":6155,"minecraft:drop":1,"minecraft:jump":40,"minecraft:leave_game":1,"minecraft:walk_on_water_one_cm":1309,"minecraft:time_since_death":5086,"minecraft:total_world_time":6956,"minecraft:fall_one_cm":836,"minecraft:interact_with_crafting_table":2,"minecraft:fly_one_cm":1656},"minecraft:mined":{"minecraft:cobblestone":16,"minecraft:crafting_table":1},"minecraft:dropped":{"minecraft:stone_pickaxe":1}},"DataVersion":3465}