{"stats":{"minecraft:picked_up":{"minecraft:stone_pickaxe":2,"minecraft:cobblestone_slab":16,"minecraft:dirt":1,"minecraft:cobblestone":148,"minecraft:ender_pearl":1},"minecraft:used":{"minecraft:cobblestone":5,"minecraft:stone_pickaxe":204,"minecraft:cobblestone_slab":292},"minecraft:crafted":{"minecraft:cobblestone_slab":276,"minecraft:stone_pickaxe":1},"minecraft:custom":{"minecraft:time_since_rest":20535,"minecraft:open_chest":3,"minecraft:crouch_one_cm":50648,"minecraft:sprint_one_cm":20585,"minecraft:play_time":22377,"minecraft:deaths":2,"minecraft:damage_taken":530,"minecraft:walk_one_cm":28031,"minecraft:sneak_time":13857,"minecraft:walk_under_water_one_cm":6155,"minecraft:drop":1,"minecraft:jump":91,"minecraft:leave_game":2,"minecraft:walk_on_water_one_cm":1309,"minecraft:time_since_death":20507,"minecraft:total_world_time":22377,"minecraft:fall_one_cm":1579,"minecraft:interact_with_crafting_table":8,"minecraft:fly_one_cm":10642},"minecraft:broken":{"minecraft:stone_pickaxe":1},"minecraft:dropped":{"minecraft:stone_pickaxe":1},"minecraft:mined":{"minecraft:cobblestone_slab":16,"minecraft:cobblestone":188,"minecraft:crafting_table":1}},"DataVersion":3465}