{
  "minecraft:recipes/decorations/crafting_table": {
    "criteria": {
      "unlock_right_away": "2024-07-17 13:54:44 +0000"
    },
    "done": true
  },
  "skyblock:technical/update": {
    "criteria": {
      "tick": "2024-07-17 13:54:44 +0000"
    },
    "done": true
  },
  "skyblock:technical/modifiers": {
    "criteria": {
      "tick": "2024-07-17 13:54:44 +0000"
    },
    "done": true
  },
  "minecraft:recipes/brewing/cauldron": {
    "criteria": {
      "has_water_bucket": "2024-07-17 13:55:26 +0000"
    },
    "done": true
  },
  "minecraft:recipes/skyblock/sand": {
    "criteria": {
      "has_stones": "2024-07-17 13:55:26 +0000"
    },
    "done": true
  },
  "minecraft:recipes/building_blocks/packed_ice": {
    "criteria": {
      "has_ice": "2024-07-17 13:56:19 +0000"
    },
    "done": true
  },
  "minecraft:recipes/misc/charcoal": {
    "criteria": {
      "has_log": "2024-07-17 15:48:00 +0000"
    },
    "done": true
  },
  "minecraft:recipes/building_blocks/oak_planks": {
    "criteria": {
      "has_logs": "2024-07-17 15:48:00 +0000"
    },
    "done": true
  },
  "minecraft:recipes/building_blocks/oak_wood": {
    "criteria": {
      "has_log": "2024-07-17 15:48:00 +0000"
    },
    "done": true
  },
  "DataVersion": 3465
}